epoch,batch,loss,dec_params_norm
0,0,8.219088643185703,21.591846466064453
0,1,8.207999292813025,21.591257095336914
0,2,8.206131590770603,21.591989517211914
0,3,8.204161062827996,21.592845916748047
0,4,8.201582042917419,21.593759536743164
0,5,8.1993032343663,21.59471893310547
